task,model,Accuracy,F1,Precision,Recall
ic50_gt_median,Tuned_GradientBoosting,0.7014925373134329,0.7321428571428571,0.6612903225806451,0.82
ic50_gt_median,GradientBoosting,0.7014925373134329,0.7272727272727273,0.6666666666666666,0.8
ic50_gt_median,RandomForest,0.6865671641791045,0.7096774193548387,0.6581196581196581,0.77
ic50_gt_median,LogisticRegression,0.681592039800995,0.7009345794392523,0.6578947368421053,0.75
ic50_gt_median,DummyMostFrequent,0.5024875621890548,0.0,0.0,0.0
