Accuracy,F1,Precision,Recall,n_estimators,learning_rate,max_depth
0.75,0.7663551401869159,0.7192982456140351,0.82,80,0.08,2
0.745,0.7627906976744186,0.7130434782608696,0.82,80,0.05,2
0.74,0.7592592592592593,0.7068965517241379,0.82,100,0.05,2
0.715,0.7373271889400922,0.6837606837606838,0.8,60,0.05,1
