task,model,Accuracy,F1,Precision,Recall
cc50_gt_median,RandomForest,0.746268656716418,0.7582938388625592,0.7207207207207207,0.8
cc50_gt_median,LogisticRegression,0.7313432835820896,0.7428571428571429,0.7090909090909091,0.78
cc50_gt_median,GradientBoosting,0.7114427860696517,0.7264150943396226,0.6875,0.77
cc50_gt_median,Tuned_GradientBoosting,0.7014925373134329,0.7169811320754716,0.6785714285714286,0.76
cc50_gt_median,DummyMostFrequent,0.5024875621890548,0.0,0.0,0.0
