Accuracy,F1,Precision,Recall,n_estimators,learning_rate,max_depth
0.7,0.6842105263157895,0.7222222222222222,0.65,80,0.08,2
0.685,0.6735751295336787,0.6989247311827957,0.65,80,0.05,2
0.68,0.6701030927835051,0.6914893617021277,0.65,100,0.05,2
0.64,0.6326530612244898,0.6458333333333334,0.62,60,0.05,1
