task,model,Accuracy,F1,Precision,Recall
si_gt_8,RandomForest,0.7014925373134329,0.5588235294117647,0.59375,0.5277777777777778
si_gt_8,GradientBoosting,0.7412935323383084,0.543859649122807,0.7380952380952381,0.4305555555555556
si_gt_8,Tuned_GradientBoosting,0.736318407960199,0.5391304347826087,0.7209302325581395,0.4305555555555556
si_gt_8,LogisticRegression,0.6268656716417911,0.5341614906832298,0.48314606741573035,0.5972222222222222
si_gt_8,DummyMostFrequent,0.6417910447761194,0.0,0.0,0.0
