task,model,Accuracy,F1,Precision,Recall
si_gt_median,Tuned_GradientBoosting,0.6716417910447762,0.6373626373626373,0.7073170731707317,0.58
si_gt_median,GradientBoosting,0.681592039800995,0.632183908045977,0.7432432432432432,0.55
si_gt_median,LogisticRegression,0.6169154228855721,0.624390243902439,0.6095238095238096,0.64
si_gt_median,RandomForest,0.6368159203980099,0.6137566137566137,0.651685393258427,0.58
si_gt_median,DummyMostFrequent,0.5024875621890548,0.0,0.0,0.0
