Accuracy,F1,Precision,Recall,n_estimators,learning_rate,max_depth
0.7,0.5522388059701493,0.5873015873015873,0.5211267605633803,80,0.08,2
0.705,0.5426356589147286,0.603448275862069,0.49295774647887325,80,0.05,2
0.705,0.5426356589147286,0.603448275862069,0.49295774647887325,100,0.05,2
0.67,0.3888888888888889,0.5675675675675675,0.29577464788732394,60,0.05,1
