task,model,MAE,RMSE,R2
"regression_CC50, mM",RandomForest,295.85589350088753,461.4015216180856,0.5893696692746868
"regression_CC50, mM",Tuned_GradientBoosting,304.0818617617736,466.7900962668602,0.5797223972216927
"regression_CC50, mM",GradientBoosting,348.3675708505325,498.4544372325568,0.5207700930628553
"regression_CC50, mM",Ridge_log_y,368.06217558769004,593.2466598987855,0.3211660042345701
"regression_CC50, mM",DummyMean,511.7293337491639,723.0542079154258,-0.008404316093257647
