MAE,RMSE,R2,n_estimators,learning_rate,max_depth
172.27318012127057,258.28092923409906,0.3631051642308999,100,0.05,3
180.77166532971543,268.4115556813301,0.3121631080659987,100,0.05,2
179.5922387606698,272.04770669625435,0.2934007282650498,80,0.08,2
184.87186033902964,272.1519263831757,0.29285923749807263,60,0.05,2
