task,model,MAE,RMSE,R2
regression_SI,RandomForest,192.52453790972777,1354.655774089591,0.08641868866932134
regression_SI,GradientBoosting,195.80149339455994,1363.9154309290002,0.07388655822845902
regression_SI,Tuned_GradientBoosting,196.75216780583753,1365.9697500144416,0.07109464713841607
regression_SI,Ridge_log_y,180.33734580578144,1423.797565472035,-0.009219873232730214
regression_SI,DummyMean,204.71802905013092,1423.9369081060113,-0.00941742131145773
